timeStamp,elapsed,label,responseCode,responseMessage,threadName,dataType,success,failureMessage,bytes,sentBytes,grpThreads,allThreads,URL,Latency,IdleTime,Connect
1674296998452,1308,/topup,200,OK,Distributed Load Test 1-2,text,true,,19163,179,1,1,https://api-staging-builder.engineer.ai/configurations,1052,0,690
1674296999765,355,/dicovery-diskon,200,OK,Distributed Load Test 1-2,text,true,,19156,179,1,1,https://api-staging-builder.engineer.ai/configurations,342,0,0
1674297000125,337,/dicovery-personalized-ads,200,OK,Distributed Load Test 1-2,text,true,,19163,179,2,2,https://api-staging-builder.engineer.ai/configurations,323,0,0
1674297000463,327,/official-store,200,OK,Distributed Load Test 1-2,text,true,,19156,179,2,2,https://api-staging-builder.engineer.ai/configurations,313,0,0
1674297000792,339,/list-product,200,OK,Distributed Load Test 1-2,text,true,,19163,179,2,2,https://api-staging-builder.engineer.ai/configurations,322,0,0
1674297001131,308,/list-merchant,200,OK,Distributed Load Test 1-2,text,true,,19156,179,2,2,https://api-staging-builder.engineer.ai/configurations,305,0,0
1674297000372,1147,/topup,200,OK,Distributed Load Test 1-4,text,true,,19156,179,2,2,https://api-staging-builder.engineer.ai/configurations,884,0,547
1674297001441,340,/detail-product,200,OK,Distributed Load Test 1-2,text,true,,19163,179,2,2,https://api-staging-builder.engineer.ai/configurations,326,0,0
1674297001520,341,/dicovery-diskon,200,OK,Distributed Load Test 1-4,text,true,,19163,179,2,2,https://api-staging-builder.engineer.ai/configurations,325,0,0
1674297001782,327,/promo,200,OK,Distributed Load Test 1-2,text,true,,19156,179,2,2,https://api-staging-builder.engineer.ai/configurations,310,0,0
1674297001862,348,/dicovery-personalized-ads,200,OK,Distributed Load Test 1-4,text,true,,19156,179,2,2,https://api-staging-builder.engineer.ai/configurations,334,0,0
1674297002111,360,/review-product,200,OK,Distributed Load Test 1-2,text,true,,19163,179,3,3,https://api-staging-builder.engineer.ai/configurations,348,0,0
1674297002211,320,/official-store,200,OK,Distributed Load Test 1-4,text,true,,19163,179,3,3,https://api-staging-builder.engineer.ai/configurations,300,0,0
1674297002471,328,/discussion,200,OK,Distributed Load Test 1-2,text,true,,19156,179,2,2,https://api-staging-builder.engineer.ai/configurations,320,0,0
1674297002800,341,/merchant/product,200,OK,Distributed Load Test 1-2,text,true,,19163,179,2,2,https://api-staging-builder.engineer.ai/configurations,333,0,0
1674297002371,1104,/topup,200,OK,Distributed Load Test 1-6,text,true,,19162,179,1,1,https://api-staging-builder.engineer.ai/configurations,842,0,523
1674297003476,322,/dicovery-diskon,200,OK,Distributed Load Test 1-6,text,true,,19156,179,1,1,https://api-staging-builder.engineer.ai/configurations,308,0,0
1674297003800,340,/dicovery-personalized-ads,200,OK,Distributed Load Test 1-6,text,true,,19163,179,1,1,https://api-staging-builder.engineer.ai/configurations,322,0,0
1674297004141,338,/official-store,200,OK,Distributed Load Test 1-6,text,true,,19156,179,2,2,https://api-staging-builder.engineer.ai/configurations,318,0,0
1674297004481,339,/list-product,200,OK,Distributed Load Test 1-6,text,true,,19163,179,2,2,https://api-staging-builder.engineer.ai/configurations,322,0,0
1674297004821,319,/list-merchant,200,OK,Distributed Load Test 1-6,text,true,,19156,179,2,2,https://api-staging-builder.engineer.ai/configurations,305,0,0
1674297004370,1079,/topup,200,OK,Distributed Load Test 1-8,text,true,,19163,179,3,3,https://api-staging-builder.engineer.ai/configurations,826,0,522
1674297005141,359,/detail-product,200,OK,Distributed Load Test 1-6,text,true,,19163,179,3,3,https://api-staging-builder.engineer.ai/configurations,341,0,0
1674297005450,338,/dicovery-diskon,200,OK,Distributed Load Test 1-8,text,true,,19156,179,3,3,https://api-staging-builder.engineer.ai/configurations,329,0,0
1674297005501,309,/promo,200,OK,Distributed Load Test 1-6,text,true,,19156,179,3,3,https://api-staging-builder.engineer.ai/configurations,296,0,0
1674297005789,341,/dicovery-personalized-ads,200,OK,Distributed Load Test 1-8,text,true,,19163,179,3,3,https://api-staging-builder.engineer.ai/configurations,322,0,0
1674297005810,342,/review-product,200,OK,Distributed Load Test 1-6,text,true,,19163,179,3,3,https://api-staging-builder.engineer.ai/configurations,329,0,0
1674297006130,318,/official-store,200,OK,Distributed Load Test 1-8,text,true,,19169,179,4,4,https://api-staging-builder.engineer.ai/configurations,299,0,0
1674297006154,320,/discussion,200,OK,Distributed Load Test 1-6,text,true,,19156,179,3,3,https://api-staging-builder.engineer.ai/configurations,311,0,0
1674297005370,1118,/list-product,200,OK,Distributed Load Test 1-9,text,true,,19156,179,3,3,https://api-staging-builder.engineer.ai/configurations,854,0,532
1674297006475,341,/merchant/product,200,OK,Distributed Load Test 1-6,text,true,,19163,179,3,3,https://api-staging-builder.engineer.ai/configurations,327,0,0
1674297006489,339,/list-merchant,200,OK,Distributed Load Test 1-9,text,true,,19156,179,2,2,https://api-staging-builder.engineer.ai/configurations,327,0,0
1674297006829,315,/detail-product,200,OK,Distributed Load Test 1-9,text,true,,19163,179,2,2,https://api-staging-builder.engineer.ai/configurations,310,0,0
1674297006370,1088,/topup,200,OK,Distributed Load Test 1-10,text,true,,19156,179,2,2,https://api-staging-builder.engineer.ai/configurations,829,0,525
1674297007145,343,/promo,200,OK,Distributed Load Test 1-9,text,true,,19156,179,2,2,https://api-staging-builder.engineer.ai/configurations,328,0,0
1674297007459,351,/dicovery-diskon,200,OK,Distributed Load Test 1-10,text,true,,19163,179,2,2,https://api-staging-builder.engineer.ai/configurations,349,0,0
1674297007489,326,/review-product,200,OK,Distributed Load Test 1-9,text,true,,19163,179,2,2,https://api-staging-builder.engineer.ai/configurations,320,0,0
1674297007811,316,/dicovery-personalized-ads,200,OK,Distributed Load Test 1-10,text,true,,19156,179,2,2,https://api-staging-builder.engineer.ai/configurations,304,0,0
1674297007815,324,/discussion,200,OK,Distributed Load Test 1-9,text,true,,19156,179,2,2,https://api-staging-builder.engineer.ai/configurations,312,0,0
1674297008140,325,/merchant/product,200,OK,Distributed Load Test 1-9,text,true,,19163,179,3,3,https://api-staging-builder.engineer.ai/configurations,311,0,0
1674297008128,351,/official-store,200,OK,Distributed Load Test 1-10,text,true,,19163,179,3,3,https://api-staging-builder.engineer.ai/configurations,338,0,0
1674297008369,1090,/topup,200,OK,Distributed Load Test 1-12,text,true,,19163,179,1,1,https://api-staging-builder.engineer.ai/configurations,830,0,523
1674297009461,328,/dicovery-diskon,200,OK,Distributed Load Test 1-12,text,true,,19156,179,1,1,https://api-staging-builder.engineer.ai/configurations,314,0,0
1674297009790,321,/dicovery-personalized-ads,200,OK,Distributed Load Test 1-12,text,true,,19163,179,1,1,https://api-staging-builder.engineer.ai/configurations,309,0,0
1674297010112,327,/official-store,200,OK,Distributed Load Test 1-12,text,true,,19156,179,2,2,https://api-staging-builder.engineer.ai/configurations,313,0,0
1674297010440,320,/list-product,200,OK,Distributed Load Test 1-12,text,true,,19156,179,2,2,https://api-staging-builder.engineer.ai/configurations,308,0,0
1674297010761,338,/list-merchant,200,OK,Distributed Load Test 1-12,text,true,,19156,179,2,2,https://api-staging-builder.engineer.ai/configurations,323,0,0
1674297011101,320,/detail-product,200,OK,Distributed Load Test 1-12,text,true,,19163,179,2,2,https://api-staging-builder.engineer.ai/configurations,300,0,0
1674297010371,1119,/topup,200,OK,Distributed Load Test 1-14,text,true,,19163,179,2,2,https://api-staging-builder.engineer.ai/configurations,849,0,534
1674297011421,349,/promo,200,OK,Distributed Load Test 1-12,text,true,,19156,179,2,2,https://api-staging-builder.engineer.ai/configurations,334,0,0
1674297011491,340,/dicovery-diskon,200,OK,Distributed Load Test 1-14,text,true,,19163,179,2,2,https://api-staging-builder.engineer.ai/configurations,319,0,0
1674297011771,350,/review-product,200,OK,Distributed Load Test 1-12,text,true,,19163,179,2,2,https://api-staging-builder.engineer.ai/configurations,335,0,0
1674297011832,359,/dicovery-personalized-ads,200,OK,Distributed Load Test 1-14,text,true,,19163,179,2,2,https://api-staging-builder.engineer.ai/configurations,345,0,0
1674297012122,389,/discussion,200,OK,Distributed Load Test 1-12,text,true,,19156,179,3,3,https://api-staging-builder.engineer.ai/configurations,370,0,0
1674297012192,339,/official-store,200,OK,Distributed Load Test 1-14,text,true,,19163,179,3,3,https://api-staging-builder.engineer.ai/configurations,323,0,0
1674297012512,319,/merchant/product,200,OK,Distributed Load Test 1-12,text,true,,19163,179,2,2,https://api-staging-builder.engineer.ai/configurations,300,0,0
1674297012372,1068,/topup,200,OK,Distributed Load Test 1-16,text,true,,19156,179,1,1,https://api-staging-builder.engineer.ai/configurations,809,0,512
1674297013441,340,/dicovery-diskon,200,OK,Distributed Load Test 1-16,text,true,,19163,179,1,1,https://api-staging-builder.engineer.ai/configurations,322,0,0
1674297013780,338,/dicovery-personalized-ads,200,OK,Distributed Load Test 1-16,text,true,,19156,179,1,1,https://api-staging-builder.engineer.ai/configurations,335,0,0
1674297014119,375,/official-store,200,OK,Distributed Load Test 1-16,text,true,,19163,179,1,1,https://api-staging-builder.engineer.ai/configurations,352,0,0
1674297014495,314,/list-product,200,OK,Distributed Load Test 1-16,text,true,,19156,179,1,1,https://api-staging-builder.engineer.ai/configurations,301,0,0
1674297014810,410,/list-merchant,200,OK,Distributed Load Test 1-16,text,true,,19163,179,1,1,https://api-staging-builder.engineer.ai/configurations,396,0,0
1674297015221,331,/detail-product,200,OK,Distributed Load Test 1-16,text,true,,19156,179,2,2,https://api-staging-builder.engineer.ai/configurations,313,0,0
1674297015552,320,/promo,200,OK,Distributed Load Test 1-16,text,true,,19163,179,2,2,https://api-staging-builder.engineer.ai/configurations,308,0,0
1674297015873,316,/review-product,200,OK,Distributed Load Test 1-16,text,true,,19156,179,2,2,https://api-staging-builder.engineer.ai/configurations,301,0,0
1674297016190,340,/discussion,200,OK,Distributed Load Test 1-16,text,true,,19163,179,2,2,https://api-staging-builder.engineer.ai/configurations,310,0,0
1674297016532,317,/merchant/product,200,OK,Distributed Load Test 1-16,text,true,,19156,179,2,2,https://api-staging-builder.engineer.ai/configurations,299,0,0
1674297015369,1720,/topup,200,OK,Distributed Load Test 1-19,text,true,,19156,179,1,1,https://api-staging-builder.engineer.ai/configurations,1455,0,1132
1674297017090,322,/dicovery-diskon,200,OK,Distributed Load Test 1-19,text,true,,19163,179,2,2,https://api-staging-builder.engineer.ai/configurations,313,0,0
1674297017413,343,/dicovery-personalized-ads,200,OK,Distributed Load Test 1-19,text,true,,19156,179,2,2,https://api-staging-builder.engineer.ai/configurations,332,0,0
1674297017757,323,/official-store,200,OK,Distributed Load Test 1-19,text,true,,19163,179,2,2,https://api-staging-builder.engineer.ai/configurations,306,0,0
1674297018081,369,/list-product,200,OK,Distributed Load Test 1-19,text,true,,19156,179,3,3,https://api-staging-builder.engineer.ai/configurations,345,0,0
1674297017367,1112,/topup,200,OK,Distributed Load Test 1-21,text,true,,19163,179,3,3,https://api-staging-builder.engineer.ai/configurations,857,0,515
1674297018451,328,/list-merchant,200,OK,Distributed Load Test 1-19,text,true,,19169,179,3,3,https://api-staging-builder.engineer.ai/configurations,314,0,0
1674297018480,330,/dicovery-diskon,200,OK,Distributed Load Test 1-21,text,true,,19163,179,3,3,https://api-staging-builder.engineer.ai/configurations,310,0,0
1674297018780,344,/detail-product,200,OK,Distributed Load Test 1-19,text,true,,19162,179,3,3,https://api-staging-builder.engineer.ai/configurations,317,0,0
1674297018811,338,/dicovery-personalized-ads,200,OK,Distributed Load Test 1-21,text,true,,19163,179,3,3,https://api-staging-builder.engineer.ai/configurations,320,0,0
1674297019125,324,/promo,200,OK,Distributed Load Test 1-19,text,true,,19163,179,4,4,https://api-staging-builder.engineer.ai/configurations,317,0,0
1674297019150,324,/official-store,200,OK,Distributed Load Test 1-21,text,true,,19163,179,4,4,https://api-staging-builder.engineer.ai/configurations,316,0,0
1674297018368,1121,/list-product,200,OK,Distributed Load Test 1-22,text,true,,19163,179,3,3,https://api-staging-builder.engineer.ai/configurations,858,0,532
1674297019450,341,/review-product,200,OK,Distributed Load Test 1-19,text,true,,19156,179,3,3,https://api-staging-builder.engineer.ai/configurations,335,0,0
1674297019490,315,/list-merchant,200,OK,Distributed Load Test 1-22,text,true,,19156,179,3,3,https://api-staging-builder.engineer.ai/configurations,303,0,0
1674297019792,322,/discussion,200,OK,Distributed Load Test 1-19,text,true,,19162,179,3,3,https://api-staging-builder.engineer.ai/configurations,302,0,0
1674297019805,335,/detail-product,200,OK,Distributed Load Test 1-22,text,true,,19163,179,3,3,https://api-staging-builder.engineer.ai/configurations,325,0,0
1674297020140,316,/promo,200,OK,Distributed Load Test 1-22,text,true,,19156,179,3,3,https://api-staging-builder.engineer.ai/configurations,300,0,0
1674297020115,354,/merchant/product,200,OK,Distributed Load Test 1-19,text,true,,19156,179,3,3,https://api-staging-builder.engineer.ai/configurations,341,0,0
1674297019369,1120,/topup,200,OK,Distributed Load Test 1-23,text,true,,19163,179,2,2,https://api-staging-builder.engineer.ai/configurations,849,0,528
1674297020457,334,/review-product,200,OK,Distributed Load Test 1-22,text,true,,19163,179,2,2,https://api-staging-builder.engineer.ai/configurations,316,0,0
1674297020490,320,/dicovery-diskon,200,OK,Distributed Load Test 1-23,text,true,,19163,179,2,2,https://api-staging-builder.engineer.ai/configurations,302,0,0
1674297020791,337,/discussion,200,OK,Distributed Load Test 1-22,text,true,,19156,179,2,2,https://api-staging-builder.engineer.ai/configurations,317,0,0
1674297020810,370,/dicovery-personalized-ads,200,OK,Distributed Load Test 1-23,text,true,,19163,179,2,2,https://api-staging-builder.engineer.ai/configurations,353,0,0
1674297021129,341,/merchant/product,200,OK,Distributed Load Test 1-22,text,true,,19163,179,3,3,https://api-staging-builder.engineer.ai/configurations,319,0,0
1674297021180,320,/official-store,200,OK,Distributed Load Test 1-23,text,true,,19163,179,2,2,https://api-staging-builder.engineer.ai/configurations,303,0,0
1674297021366,1083,/topup,200,OK,Distributed Load Test 1-25,text,true,,19163,179,2,2,https://api-staging-builder.engineer.ai/configurations,826,0,515
1674297022449,311,/dicovery-diskon,200,OK,Distributed Load Test 1-25,text,true,,19163,179,2,2,https://api-staging-builder.engineer.ai/configurations,298,0,0
1674297022760,350,/dicovery-personalized-ads,200,OK,Distributed Load Test 1-25,text,true,,19163,179,2,2,https://api-staging-builder.engineer.ai/configurations,331,0,0
1674297022370,1162,/list-product,200,OK,Distributed Load Test 1-26,text,true,,19156,179,3,3,https://api-staging-builder.engineer.ai/configurations,825,0,524
1674297023111,421,/official-store,200,OK,Distributed Load Test 1-25,text,true,,19163,179,3,3,https://api-staging-builder.engineer.ai/configurations,302,0,0
1674297023533,366,/list-merchant,200,OK,Distributed Load Test 1-26,text,true,,19163,179,2,2,https://api-staging-builder.engineer.ai/configurations,349,0,0
1674297023900,349,/detail-product,200,OK,Distributed Load Test 1-26,text,true,,19163,179,2,2,https://api-staging-builder.engineer.ai/configurations,329,0,0
1674297023372,1056,/topup,200,OK,Distributed Load Test 1-27,text,true,,19156,179,2,2,https://api-staging-builder.engineer.ai/configurations,796,0,498
1674297024250,328,/promo,200,OK,Distributed Load Test 1-26,text,true,,19156,179,2,2,https://api-staging-builder.engineer.ai/configurations,310,0,0
1674297024428,342,/dicovery-diskon,200,OK,Distributed Load Test 1-27,text,true,,19163,179,2,2,https://api-staging-builder.engineer.ai/configurations,323,0,0
1674297024579,308,/review-product,200,OK,Distributed Load Test 1-26,text,true,,19156,179,2,2,https://api-staging-builder.engineer.ai/configurations,298,0,0
1674297024770,329,/dicovery-personalized-ads,200,OK,Distributed Load Test 1-27,text,true,,19163,179,2,2,https://api-staging-builder.engineer.ai/configurations,312,0,0
1674297024888,323,/discussion,200,OK,Distributed Load Test 1-26,text,true,,19156,179,2,2,https://api-staging-builder.engineer.ai/configurations,303,0,0
1674297025100,340,/official-store,200,OK,Distributed Load Test 1-27,text,true,,19163,179,3,3,https://api-staging-builder.engineer.ai/configurations,318,0,0
1674297025212,327,/merchant/product,200,OK,Distributed Load Test 1-26,text,true,,19156,179,2,2,https://api-staging-builder.engineer.ai/configurations,309,0,0
1674297025541,337,/checkout-list,200,OK,Distributed Load Test 1-26,text,true,,19163,179,2,2,https://api-staging-builder.engineer.ai/configurations,322,0,0
1674297025879,310,/add-to-cart,200,OK,Distributed Load Test 1-26,text,true,,19156,179,2,2,https://api-staging-builder.engineer.ai/configurations,299,0,0
1674297025369,1075,/topup,200,OK,Distributed Load Test 1-29,text,true,,19163,179,1,1,https://api-staging-builder.engineer.ai/configurations,807,0,497
1674297026445,315,/dicovery-diskon,200,OK,Distributed Load Test 1-29,text,true,,19162,179,1,1,https://api-staging-builder.engineer.ai/configurations,307,0,0
1674297026761,339,/dicovery-personalized-ads,200,OK,Distributed Load Test 1-29,text,true,,19163,179,1,1,https://api-staging-builder.engineer.ai/configurations,323,0,0
1674297027100,338,/official-store,200,OK,Distributed Load Test 1-29,text,true,,19162,179,2,2,https://api-staging-builder.engineer.ai/configurations,332,0,0
1674297027439,333,/list-product,200,OK,Distributed Load Test 1-29,text,true,,19163,179,2,2,https://api-staging-builder.engineer.ai/configurations,312,0,0
1674297027773,316,/list-merchant,200,OK,Distributed Load Test 1-29,text,true,,19156,179,2,2,https://api-staging-builder.engineer.ai/configurations,296,0,0
1674297028089,333,/detail-product,200,OK,Distributed Load Test 1-29,text,true,,19163,179,3,3,https://api-staging-builder.engineer.ai/configurations,328,0,0
1674297027370,1148,/topup,200,OK,Distributed Load Test 1-31,text,true,,19163,179,3,3,https://api-staging-builder.engineer.ai/configurations,891,0,572
1674297028422,302,/promo,200,OK,Distributed Load Test 1-29,text,true,,19156,179,3,3,https://api-staging-builder.engineer.ai/configurations,293,0,0
1674297028518,310,/dicovery-diskon,200,OK,Distributed Load Test 1-31,text,true,,19163,179,3,3,https://api-staging-builder.engineer.ai/configurations,296,0,0
1674297028724,324,/review-product,200,OK,Distributed Load Test 1-29,text,true,,19163,179,3,3,https://api-staging-builder.engineer.ai/configurations,312,0,0
1674297028829,334,/dicovery-personalized-ads,200,OK,Distributed Load Test 1-31,text,true,,19163,179,3,3,https://api-staging-builder.engineer.ai/configurations,316,0,0
1674297029049,318,/discussion,200,OK,Distributed Load Test 1-29,text,true,,19156,179,4,4,https://api-staging-builder.engineer.ai/configurations,301,0,0
1674297028365,1076,/list-product,200,OK,Distributed Load Test 1-32,text,true,,19156,179,4,4,https://api-staging-builder.engineer.ai/configurations,816,0,517
1674297029164,314,/official-store,200,OK,Distributed Load Test 1-31,text,true,,19163,179,4,4,https://api-staging-builder.engineer.ai/configurations,301,0,0
1674297029367,363,/merchant/product,200,OK,Distributed Load Test 1-29,text,true,,19162,179,3,3,https://api-staging-builder.engineer.ai/configurations,322,0,0
1674297029440,353,/list-merchant,200,OK,Distributed Load Test 1-32,text,true,,19163,179,2,2,https://api-staging-builder.engineer.ai/configurations,321,0,0
1674297029794,340,/detail-product,200,OK,Distributed Load Test 1-32,text,true,,19156,179,2,2,https://api-staging-builder.engineer.ai/configurations,306,0,0
1674297029368,1087,/topup,200,OK,Distributed Load Test 1-33,text,true,,19163,179,2,2,https://api-staging-builder.engineer.ai/configurations,842,0,512
1674297030138,330,/promo,200,OK,Distributed Load Test 1-32,text,true,,19163,179,2,2,https://api-staging-builder.engineer.ai/configurations,321,0,0
1674297030456,321,/dicovery-diskon,200,OK,Distributed Load Test 1-33,text,true,,19169,179,2,2,https://api-staging-builder.engineer.ai/configurations,309,0,0
1674297030468,332,/review-product,200,OK,Distributed Load Test 1-32,text,true,,19156,179,2,2,https://api-staging-builder.engineer.ai/configurations,312,0,0
1674297030778,353,/dicovery-personalized-ads,200,OK,Distributed Load Test 1-33,text,true,,19163,179,2,2,https://api-staging-builder.engineer.ai/configurations,352,0,0
1674297030800,530,/discussion,200,OK,Distributed Load Test 1-32,text,true,,19163,179,2,2,https://api-staging-builder.engineer.ai/configurations,434,0,0
1674297031132,401,/official-store,200,OK,Distributed Load Test 1-33,text,true,,19163,179,2,2,https://api-staging-builder.engineer.ai/configurations,306,0,0
1674297031331,400,/merchant/product,200,OK,Distributed Load Test 1-32,text,true,,19162,179,1,1,https://api-staging-builder.engineer.ai/configurations,317,0,0
1674297032369,1109,/topup,200,OK,Distributed Load Test 1-36,text,true,,19156,179,1,1,https://api-staging-builder.engineer.ai/configurations,842,0,531
1674297033480,341,/dicovery-diskon,200,OK,Distributed Load Test 1-36,text,true,,19162,179,1,1,https://api-staging-builder.engineer.ai/configurations,340,0,0
1674297033822,322,/dicovery-personalized-ads,200,OK,Distributed Load Test 1-36,text,true,,19156,179,1,1,https://api-staging-builder.engineer.ai/configurations,310,0,0
1674297034145,422,/official-store,200,OK,Distributed Load Test 1-36,text,true,,19163,179,2,2,https://api-staging-builder.engineer.ai/configurations,344,0,0
1674297034567,364,/list-product,200,OK,Distributed Load Test 1-36,text,true,,19156,179,2,2,https://api-staging-builder.engineer.ai/configurations,305,0,0
1674297034932,400,/list-merchant,200,OK,Distributed Load Test 1-36,text,true,,19162,179,2,2,https://api-staging-builder.engineer.ai/configurations,330,0,0
1674297034370,1230,/topup,200,OK,Distributed Load Test 1-38,text,true,,19163,179,3,3,https://api-staging-builder.engineer.ai/configurations,1060,0,567
1674297035333,399,/detail-product,200,OK,Distributed Load Test 1-36,text,true,,19156,179,3,3,https://api-staging-builder.engineer.ai/configurations,308,0,0
1674297035601,334,/dicovery-diskon,200,OK,Distributed Load Test 1-38,text,true,,19163,179,3,3,https://api-staging-builder.engineer.ai/configurations,308,0,0
1674297035733,414,/promo,200,OK,Distributed Load Test 1-36,text,true,,19163,179,3,3,https://api-staging-builder.engineer.ai/configurations,334,0,0
1674297035936,496,/dicovery-personalized-ads,200,OK,Distributed Load Test 1-38,text,true,,19163,179,4,4,https://api-staging-builder.engineer.ai/configurations,394,0,0
1674297036148,574,/review-product,200,OK,Distributed Load Test 1-36,text,true,,19156,179,4,4,https://api-staging-builder.engineer.ai/configurations,386,0,0
1674297035368,1355,/list-product,200,OK,Distributed Load Test 1-39,text,true,,19162,179,4,4,https://api-staging-builder.engineer.ai/configurations,864,0,535
1674297036433,323,/official-store,200,OK,Distributed Load Test 1-38,text,true,,19163,179,4,4,https://api-staging-builder.engineer.ai/configurations,300,0,0
1674297036723,406,/list-merchant,200,OK,Distributed Load Test 1-39,text,true,,19156,179,3,3,https://api-staging-builder.engineer.ai/configurations,295,0,0
1674297036723,440,/discussion,200,OK,Distributed Load Test 1-36,text,true,,19163,179,3,3,https://api-staging-builder.engineer.ai/configurations,408,0,0
1674297037130,403,/detail-product,200,OK,Distributed Load Test 1-39,text,true,,19163,179,3,3,https://api-staging-builder.engineer.ai/configurations,313,0,0
1674297037164,667,/merchant/product,200,OK,Distributed Load Test 1-36,text,true,,19156,179,3,3,https://api-staging-builder.engineer.ai/configurations,472,0,0
1674297036369,1463,/topup,200,OK,Distributed Load Test 1-40,text,true,,19163,179,3,3,https://api-staging-builder.engineer.ai/configurations,931,0,624
1674297037534,497,/promo,200,OK,Distributed Load Test 1-39,text,true,,19156,179,2,2,https://api-staging-builder.engineer.ai/configurations,400,0,0
1674297037833,327,/dicovery-diskon,200,OK,Distributed Load Test 1-40,text,true,,19156,179,2,2,https://api-staging-builder.engineer.ai/configurations,314,0,0
1674297038032,328,/review-product,200,OK,Distributed Load Test 1-39,text,true,,19163,179,2,2,https://api-staging-builder.engineer.ai/configurations,310,0,0
1674297038161,329,/dicovery-personalized-ads,200,OK,Distributed Load Test 1-40,text,true,,19163,179,3,3,https://api-staging-builder.engineer.ai/configurations,314,0,0
1674297038360,319,/discussion,200,OK,Distributed Load Test 1-39,text,true,,19156,179,3,3,https://api-staging-builder.engineer.ai/configurations,299,0,0
1674297038490,341,/official-store,200,OK,Distributed Load Test 1-40,text,true,,19156,179,3,3,https://api-staging-builder.engineer.ai/configurations,323,0,0
1674297038680,368,/merchant/product,200,OK,Distributed Load Test 1-39,text,true,,19162,179,2,2,https://api-staging-builder.engineer.ai/configurations,351,0,0
1674297038371,1108,/topup,200,OK,Distributed Load Test 1-42,text,true,,19163,179,1,1,https://api-staging-builder.engineer.ai/configurations,843,0,522
1674297039480,320,/dicovery-diskon,200,OK,Distributed Load Test 1-42,text,true,,19163,179,1,1,https://api-staging-builder.engineer.ai/configurations,302,0,0
1674297039801,339,/dicovery-personalized-ads,200,OK,Distributed Load Test 1-42,text,true,,19163,179,1,1,https://api-staging-builder.engineer.ai/configurations,317,0,0
1674297040141,319,/official-store,200,OK,Distributed Load Test 1-42,text,true,,19163,179,2,2,https://api-staging-builder.engineer.ai/configurations,300,0,0
1674297040461,359,/list-product,200,OK,Distributed Load Test 1-42,text,true,,19163,179,2,2,https://api-staging-builder.engineer.ai/configurations,345,0,0
1674297040821,316,/list-merchant,200,OK,Distributed Load Test 1-42,text,true,,19163,179,2,2,https://api-staging-builder.engineer.ai/configurations,299,0,0
1674297040370,1079,/topup,200,OK,Distributed Load Test 1-44,text,true,,19156,179,2,2,https://api-staging-builder.engineer.ai/configurations,817,0,521
1674297041137,333,/detail-product,200,OK,Distributed Load Test 1-42,text,true,,19163,179,2,2,https://api-staging-builder.engineer.ai/configurations,315,0,0
1674297041450,358,/dicovery-diskon,200,OK,Distributed Load Test 1-44,text,true,,19163,179,2,2,https://api-staging-builder.engineer.ai/configurations,356,0,0
1674297041471,345,/promo,200,OK,Distributed Load Test 1-42,text,true,,19163,179,2,2,https://api-staging-builder.engineer.ai/configurations,338,0,0
1674297041809,360,/dicovery-personalized-ads,200,OK,Distributed Load Test 1-44,text,true,,19156,179,2,2,https://api-staging-builder.engineer.ai/configurations,342,0,0
1674297041816,383,/review-product,200,OK,Distributed Load Test 1-42,text,true,,19162,179,2,2,https://api-staging-builder.engineer.ai/configurations,365,0,0
1674297042170,345,/official-store,200,OK,Distributed Load Test 1-44,text,true,,19163,179,3,3,https://api-staging-builder.engineer.ai/configurations,338,0,0
1674297042200,330,/discussion,200,OK,Distributed Load Test 1-42,text,true,,19163,179,2,2,https://api-staging-builder.engineer.ai/configurations,317,0,0
1674297042531,335,/merchant/product,200,OK,Distributed Load Test 1-42,text,true,,19163,179,2,2,https://api-staging-builder.engineer.ai/configurations,319,0,0
1674297042368,1112,/topup,200,OK,Distributed Load Test 1-46,text,true,,19163,179,1,1,https://api-staging-builder.engineer.ai/configurations,841,0,535
1674297043481,338,/dicovery-diskon,200,OK,Distributed Load Test 1-46,text,true,,19156,179,1,1,https://api-staging-builder.engineer.ai/configurations,322,0,0
1674297043820,320,/dicovery-personalized-ads,200,OK,Distributed Load Test 1-46,text,true,,19163,179,1,1,https://api-staging-builder.engineer.ai/configurations,306,0,0
1674297044141,337,/official-store,200,OK,Distributed Load Test 1-46,text,true,,19156,179,2,2,https://api-staging-builder.engineer.ai/configurations,324,0,0
1674297044479,334,/list-product,200,OK,Distributed Load Test 1-46,text,true,,19163,179,2,2,https://api-staging-builder.engineer.ai/configurations,330,0,0
1674297044814,404,/list-merchant,200,OK,Distributed Load Test 1-46,text,true,,19156,179,2,2,https://api-staging-builder.engineer.ai/configurations,389,0,0
1674297044371,1157,/topup,200,OK,Distributed Load Test 1-48,text,true,,19163,179,3,3,https://api-staging-builder.engineer.ai/configurations,896,0,530
1674297045219,321,/detail-product,200,OK,Distributed Load Test 1-46,text,true,,19163,179,3,3,https://api-staging-builder.engineer.ai/configurations,309,0,0
1674297045529,326,/dicovery-diskon,200,OK,Distributed Load Test 1-48,text,true,,19156,179,3,3,https://api-staging-builder.engineer.ai/configurations,322,0,0
1674297045541,328,/promo,200,OK,Distributed Load Test 1-46,text,true,,19156,179,3,3,https://api-staging-builder.engineer.ai/configurations,314,0,0
1674297045855,316,/dicovery-personalized-ads,200,OK,Distributed Load Test 1-48,text,true,,19163,179,3,3,https://api-staging-builder.engineer.ai/configurations,310,0,0
1674297045870,310,/review-product,200,OK,Distributed Load Test 1-46,text,true,,19163,179,3,3,https://api-staging-builder.engineer.ai/configurations,302,0,0
1674297045371,1100,/list-product,200,OK,Distributed Load Test 1-49,text,true,,19163,179,3,3,https://api-staging-builder.engineer.ai/configurations,848,0,520
1674297046172,317,/official-store,200,OK,Distributed Load Test 1-48,text,true,,19156,179,3,3,https://api-staging-builder.engineer.ai/configurations,301,0,0
1674297046180,330,/discussion,200,OK,Distributed Load Test 1-46,text,true,,19156,179,2,2,https://api-staging-builder.engineer.ai/configurations,320,0,0
1674297046472,318,/list-merchant,200,OK,Distributed Load Test 1-49,text,true,,19163,179,2,2,https://api-staging-builder.engineer.ai/configurations,305,0,0
1674297046510,330,/merchant/product,200,OK,Distributed Load Test 1-46,text,true,,19163,179,2,2,https://api-staging-builder.engineer.ai/configurations,321,0,0
1674297046791,339,/detail-product,200,OK,Distributed Load Test 1-49,text,true,,19163,179,1,1,https://api-staging-builder.engineer.ai/configurations,318,0,0
1674297047131,322,/promo,200,OK,Distributed Load Test 1-49,text,true,,19163,179,2,2,https://api-staging-builder.engineer.ai/configurations,311,0,0
1674297047454,346,/review-product,200,OK,Distributed Load Test 1-49,text,true,,19163,179,2,2,https://api-staging-builder.engineer.ai/configurations,328,0,0
1674297047801,339,/discussion,200,OK,Distributed Load Test 1-49,text,true,,19163,179,2,2,https://api-staging-builder.engineer.ai/configurations,324,0,0
1674297048141,332,/merchant/product,200,OK,Distributed Load Test 1-49,text,true,,19163,179,3,3,https://api-staging-builder.engineer.ai/configurations,321,0,0
1674297047371,1118,/topup,200,OK,Distributed Load Test 1-51,text,true,,19156,179,2,2,https://api-staging-builder.engineer.ai/configurations,856,0,530
1674297048488,341,/dicovery-diskon,200,OK,Distributed Load Test 1-51,text,true,,19163,179,2,2,https://api-staging-builder.engineer.ai/configurations,324,0,0
1674297048829,319,/dicovery-personalized-ads,200,OK,Distributed Load Test 1-51,text,true,,19156,179,2,2,https://api-staging-builder.engineer.ai/configurations,303,0,0
1674297048368,1092,/list-product,200,OK,Distributed Load Test 1-52,text,true,,19163,179,3,3,https://api-staging-builder.engineer.ai/configurations,835,0,514
1674297049149,479,/official-store,200,OK,Distributed Load Test 1-51,text,true,,19162,179,3,3,https://api-staging-builder.engineer.ai/configurations,319,0,0
1674297049460,370,/list-merchant,200,OK,Distributed Load Test 1-52,text,true,,19156,179,3,3,https://api-staging-builder.engineer.ai/configurations,299,0,0
1674297049630,499,/pay,200,OK,Distributed Load Test 1-51,text,true,,19156,179,3,3,https://api-staging-builder.engineer.ai/configurations,302,0,0
1674297049831,396,/detail-product,200,OK,Distributed Load Test 1-52,text,true,,19163,179,2,2,https://api-staging-builder.engineer.ai/configurations,320,0,0
1674297049367,1162,/topup,200,OK,Distributed Load Test 1-53,text,true,,19156,179,2,2,https://api-staging-builder.engineer.ai/configurations,888,0,566
1674297050228,403,/promo,200,OK,Distributed Load Test 1-52,text,true,,19156,179,2,2,https://api-staging-builder.engineer.ai/configurations,327,0,0
1674297050530,401,/dicovery-diskon,200,OK,Distributed Load Test 1-53,text,true,,19163,179,2,2,https://api-staging-builder.engineer.ai/configurations,303,0,0
1674297050632,502,/review-product,200,OK,Distributed Load Test 1-52,text,true,,19163,179,2,2,https://api-staging-builder.engineer.ai/configurations,398,0,0
1674297050932,397,/dicovery-personalized-ads,200,OK,Distributed Load Test 1-53,text,true,,19156,179,2,2,https://api-staging-builder.engineer.ai/configurations,312,0,0
1674297051135,325,/discussion,200,OK,Distributed Load Test 1-52,text,true,,19156,179,3,3,https://api-staging-builder.engineer.ai/configurations,311,0,0
1674297051330,360,/official-store,200,OK,Distributed Load Test 1-53,text,true,,19163,179,3,3,https://api-staging-builder.engineer.ai/configurations,307,0,0
1674297051462,370,/merchant/product,200,OK,Distributed Load Test 1-52,text,true,,19163,179,2,2,https://api-staging-builder.engineer.ai/configurations,307,0,0
1674297051370,1159,/topup,200,OK,Distributed Load Test 1-55,text,true,,19156,179,2,2,https://api-staging-builder.engineer.ai/configurations,878,0,566
1674297052530,401,/dicovery-diskon,200,OK,Distributed Load Test 1-55,text,true,,19163,179,2,2,https://api-staging-builder.engineer.ai/configurations,314,0,0
1674297052932,399,/dicovery-personalized-ads,200,OK,Distributed Load Test 1-55,text,true,,19156,179,2,2,https://api-staging-builder.engineer.ai/configurations,318,0,0
1674297052370,1294,/list-product,200,OK,Distributed Load Test 1-56,text,true,,19163,179,3,3,https://api-staging-builder.engineer.ai/configurations,1041,0,666
1674297053332,498,/official-store,200,OK,Distributed Load Test 1-55,text,true,,19163,179,3,3,https://api-staging-builder.engineer.ai/configurations,334,0,0
1674297053665,368,/list-merchant,200,OK,Distributed Load Test 1-56,text,true,,19163,179,2,2,https://api-staging-builder.engineer.ai/configurations,307,0,0
1674297054034,411,/detail-product,200,OK,Distributed Load Test 1-56,text,true,,19163,179,2,2,https://api-staging-builder.engineer.ai/configurations,346,0,0
1674297053370,1161,/topup,200,OK,Distributed Load Test 1-57,text,true,,19162,179,2,2,https://api-staging-builder.engineer.ai/configurations,872,0,522
1674297054446,398,/promo,200,OK,Distributed Load Test 1-56,text,true,,19163,179,2,2,https://api-staging-builder.engineer.ai/configurations,311,0,0
1674297054532,509,/dicovery-diskon,200,OK,Distributed Load Test 1-57,text,true,,19163,179,2,2,https://api-staging-builder.engineer.ai/configurations,406,0,0
1674297054845,347,/review-product,200,OK,Distributed Load Test 1-56,text,true,,19163,179,2,2,https://api-staging-builder.engineer.ai/configurations,325,0,0
1674297055043,338,/dicovery-personalized-ads,200,OK,Distributed Load Test 1-57,text,true,,19163,179,3,3,https://api-staging-builder.engineer.ai/configurations,316,0,0
1674297055193,336,/discussion,200,OK,Distributed Load Test 1-56,text,true,,19163,179,3,3,https://api-staging-builder.engineer.ai/configurations,322,0,0
1674297055382,317,/official-store,200,OK,Distributed Load Test 1-57,text,true,,19163,179,3,3,https://api-staging-builder.engineer.ai/configurations,307,0,0
1674297055530,319,/merchant/product,200,OK,Distributed Load Test 1-56,text,true,,19163,179,2,2,https://api-staging-builder.engineer.ai/configurations,305,0,0
1674297055368,1080,/topup,200,OK,Distributed Load Test 1-59,text,true,,19156,179,1,1,https://api-staging-builder.engineer.ai/configurations,820,0,513
1674297056449,354,/dicovery-diskon,200,OK,Distributed Load Test 1-59,text,true,,19163,179,1,1,https://api-staging-builder.engineer.ai/configurations,333,0,0
1674297056804,326,/dicovery-personalized-ads,200,OK,Distributed Load Test 1-59,text,true,,19156,179,1,1,https://api-staging-builder.engineer.ai/configurations,311,0,0
1674297057131,328,/official-store,200,OK,Distributed Load Test 1-59,text,true,,19163,179,2,2,https://api-staging-builder.engineer.ai/configurations,310,0,0
1674297057460,318,/list-product,200,OK,Distributed Load Test 1-59,text,true,,19156,179,2,2,https://api-staging-builder.engineer.ai/configurations,302,0,0
1674297057779,324,/list-merchant,200,OK,Distributed Load Test 1-59,text,true,,19163,179,2,2,https://api-staging-builder.engineer.ai/configurations,305,0,0
1674297058104,323,/detail-product,200,OK,Distributed Load Test 1-59,text,true,,19156,179,3,3,https://api-staging-builder.engineer.ai/configurations,314,0,0
1674297057369,1087,/topup,200,OK,Distributed Load Test 1-61,text,true,,19163,179,3,3,https://api-staging-builder.engineer.ai/configurations,830,0,521
1674297058428,321,/promo,200,OK,Distributed Load Test 1-59,text,true,,19163,179,3,3,https://api-staging-builder.engineer.ai/configurations,304,0,0
1674297058457,321,/dicovery-diskon,200,OK,Distributed Load Test 1-61,text,true,,19156,179,3,3,https://api-staging-builder.engineer.ai/configurations,303,0,0
1674297058750,317,/review-product,200,OK,Distributed Load Test 1-59,text,true,,19156,179,3,3,https://api-staging-builder.engineer.ai/configurations,304,0,0
1674297058779,336,/dicovery-personalized-ads,200,OK,Distributed Load Test 1-61,text,true,,19163,179,3,3,https://api-staging-builder.engineer.ai/configurations,314,0,0
1674297059068,320,/discussion,200,OK,Distributed Load Test 1-59,text,true,,19163,179,4,4,https://api-staging-builder.engineer.ai/configurations,308,0,0
1674297059116,331,/official-store,200,OK,Distributed Load Test 1-61,text,true,,19156,179,4,4,https://api-staging-builder.engineer.ai/configurations,320,0,0
1674297058370,1138,/list-product,200,OK,Distributed Load Test 1-62,text,true,,19163,179,3,3,https://api-staging-builder.engineer.ai/configurations,869,0,533
1674297059390,318,/merchant/product,200,OK,Distributed Load Test 1-59,text,true,,19156,179,3,3,https://api-staging-builder.engineer.ai/configurations,303,0,0
1674297059509,330,/list-merchant,200,OK,Distributed Load Test 1-62,text,true,,19163,179,2,2,https://api-staging-builder.engineer.ai/configurations,314,0,0
1674297059840,372,/detail-product,200,OK,Distributed Load Test 1-62,text,true,,19163,179,2,2,https://api-staging-builder.engineer.ai/configurations,359,0,0
1674297059368,1162,/topup,200,OK,Distributed Load Test 1-63,text,true,,19163,179,2,2,https://api-staging-builder.engineer.ai/configurations,904,0,523
1674297060216,343,/promo,200,OK,Distributed Load Test 1-62,text,true,,19163,179,2,2,https://api-staging-builder.engineer.ai/configurations,326,0,0
1674297060531,317,/dicovery-diskon,200,OK,Distributed Load Test 1-63,text,true,,19163,179,2,2,https://api-staging-builder.engineer.ai/configurations,306,0,0
1674297060560,339,/review-product,200,OK,Distributed Load Test 1-62,text,true,,19163,179,2,2,https://api-staging-builder.engineer.ai/configurations,320,0,0
1674297060849,329,/dicovery-personalized-ads,200,OK,Distributed Load Test 1-63,text,true,,19163,179,2,2,https://api-staging-builder.engineer.ai/configurations,324,0,0
1674297060899,330,/discussion,200,OK,Distributed Load Test 1-62,text,true,,19163,179,2,2,https://api-staging-builder.engineer.ai/configurations,310,0,0
1674297061180,319,/official-store,200,OK,Distributed Load Test 1-63,text,true,,19163,179,3,3,https://api-staging-builder.engineer.ai/configurations,303,0,0
1674297061230,339,/merchant/product,200,OK,Distributed Load Test 1-62,text,true,,19163,179,2,2,https://api-staging-builder.engineer.ai/configurations,324,0,0
1674297061382,1116,/topup,200,OK,Distributed Load Test 1-65,text,true,,19163,179,2,2,https://api-staging-builder.engineer.ai/configurations,852,0,529
1674297062499,329,/dicovery-diskon,200,OK,Distributed Load Test 1-65,text,true,,19156,179,2,2,https://api-staging-builder.engineer.ai/configurations,309,0,0
1674297062828,360,/dicovery-personalized-ads,200,OK,Distributed Load Test 1-65,text,true,,19163,179,2,2,https://api-staging-builder.engineer.ai/configurations,348,0,0
1674297062371,1076,/list-product,200,OK,Distributed Load Test 1-66,text,true,,19156,179,2,2,https://api-staging-builder.engineer.ai/configurations,821,0,508
1674297063189,328,/official-store,200,OK,Distributed Load Test 1-65,text,true,,19156,179,2,2,https://api-staging-builder.engineer.ai/configurations,311,0,0
1674297063448,331,/list-merchant,200,OK,Distributed Load Test 1-66,text,true,,19163,179,1,1,https://api-staging-builder.engineer.ai/configurations,313,0,0
1674297063780,318,/detail-product,200,OK,Distributed Load Test 1-66,text,true,,19156,179,1,1,https://api-staging-builder.engineer.ai/configurations,301,0,0
1674297064098,350,/promo,200,OK,Distributed Load Test 1-66,text,true,,19156,179,2,2,https://api-staging-builder.engineer.ai/configurations,338,0,0
1674297064449,319,/review-product,200,OK,Distributed Load Test 1-66,text,true,,19156,179,2,2,https://api-staging-builder.engineer.ai/configurations,306,0,0
1674297064768,329,/discussion,200,OK,Distributed Load Test 1-66,text,true,,19156,179,2,2,https://api-staging-builder.engineer.ai/configurations,318,0,0
1674297065098,339,/merchant/product,200,OK,Distributed Load Test 1-66,text,true,,19156,179,3,3,https://api-staging-builder.engineer.ai/configurations,320,0,0
1674297064368,1089,/topup,200,OK,Distributed Load Test 1-68,text,true,,19156,179,2,2,https://api-staging-builder.engineer.ai/configurations,830,0,522
1674297065458,361,/dicovery-diskon,200,OK,Distributed Load Test 1-68,text,true,,19163,179,2,2,https://api-staging-builder.engineer.ai/configurations,348,0,0
1674297065819,329,/dicovery-personalized-ads,200,OK,Distributed Load Test 1-68,text,true,,19162,179,2,2,https://api-staging-builder.engineer.ai/configurations,318,0,0
1674297065369,1088,/list-product,200,OK,Distributed Load Test 1-69,text,true,,19163,179,3,3,https://api-staging-builder.engineer.ai/configurations,825,0,514
1674297066149,339,/official-store,200,OK,Distributed Load Test 1-68,text,true,,19163,179,3,3,https://api-staging-builder.engineer.ai/configurations,320,0,0
1674297066458,320,/list-merchant,200,OK,Distributed Load Test 1-69,text,true,,19163,179,2,2,https://api-staging-builder.engineer.ai/configurations,309,0,0
1674297066779,320,/detail-product,200,OK,Distributed Load Test 1-69,text,true,,19163,179,2,2,https://api-staging-builder.engineer.ai/configurations,299,0,0
1674297067099,331,/promo,200,OK,Distributed Load Test 1-69,text,true,,19163,179,2,2,https://api-staging-builder.engineer.ai/configurations,313,0,0
1674297066370,1087,/topup,200,OK,Distributed Load Test 1-70,text,true,,19156,179,2,2,https://api-staging-builder.engineer.ai/configurations,826,0,521
1674297067431,317,/review-product,200,OK,Distributed Load Test 1-69,text,true,,19163,179,2,2,https://api-staging-builder.engineer.ai/configurations,306,0,0
1674297067458,342,/dicovery-diskon,200,OK,Distributed Load Test 1-70,text,true,,19163,179,2,2,https://api-staging-builder.engineer.ai/configurations,332,0,0
1674297067749,330,/discussion,200,OK,Distributed Load Test 1-69,text,true,,19163,179,2,2,https://api-staging-builder.engineer.ai/configurations,315,0,0
1674297067800,318,/dicovery-personalized-ads,200,OK,Distributed Load Test 1-70,text,true,,19156,179,2,2,https://api-staging-builder.engineer.ai/configurations,305,0,0
1674297068080,319,/merchant/product,200,OK,Distributed Load Test 1-69,text,true,,19163,179,3,3,https://api-staging-builder.engineer.ai/configurations,302,0,0
1674297068119,329,/official-store,200,OK,Distributed Load Test 1-70,text,true,,19163,179,2,2,https://api-staging-builder.engineer.ai/configurations,318,0,0
1674297068370,1108,/topup,200,OK,Distributed Load Test 1-72,text,true,,19163,179,1,1,https://api-staging-builder.engineer.ai/configurations,853,0,520
1674297069478,321,/dicovery-diskon,200,OK,Distributed Load Test 1-72,text,true,,19163,179,1,1,https://api-staging-builder.engineer.ai/configurations,301,0,0
1674297069799,330,/dicovery-personalized-ads,200,OK,Distributed Load Test 1-72,text,true,,19163,179,1,1,https://api-staging-builder.engineer.ai/configurations,315,0,0
1674297070130,318,/official-store,200,OK,Distributed Load Test 1-72,text,true,,19163,179,2,2,https://api-staging-builder.engineer.ai/configurations,307,0,0
1674297070449,344,/list-product,200,OK,Distributed Load Test 1-72,text,true,,19163,179,2,2,https://api-staging-builder.engineer.ai/configurations,314,0,0
1674297070794,315,/list-merchant,200,OK,Distributed Load Test 1-72,text,true,,19163,179,2,2,https://api-staging-builder.engineer.ai/configurations,301,0,0
1674297071109,320,/detail-product,200,OK,Distributed Load Test 1-72,text,true,,19163,179,2,2,https://api-staging-builder.engineer.ai/configurations,310,0,0
1674297070367,1081,/topup,200,OK,Distributed Load Test 1-74,text,true,,19163,179,2,2,https://api-staging-builder.engineer.ai/configurations,819,0,513
1674297071430,319,/promo,200,OK,Distributed Load Test 1-72,text,true,,19163,179,2,2,https://api-staging-builder.engineer.ai/configurations,301,0,0
1674297071448,320,/dicovery-diskon,200,OK,Distributed Load Test 1-74,text,true,,19156,179,2,2,https://api-staging-builder.engineer.ai/configurations,308,0,0
1674297071749,370,/review-product,200,OK,Distributed Load Test 1-72,text,true,,19163,179,2,2,https://api-staging-builder.engineer.ai/configurations,353,0,0
1674297071770,371,/dicovery-personalized-ads,200,OK,Distributed Load Test 1-74,text,true,,19163,179,2,2,https://api-staging-builder.engineer.ai/configurations,351,0,0
1674297072120,338,/discussion,200,OK,Distributed Load Test 1-72,text,true,,19163,179,3,3,https://api-staging-builder.engineer.ai/configurations,332,0,0
1674297072142,395,/official-store,200,OK,Distributed Load Test 1-74,text,true,,19156,179,3,3,https://api-staging-builder.engineer.ai/configurations,383,0,0
1674297072459,340,/merchant/product,200,OK,Distributed Load Test 1-72,text,true,,19163,179,2,2,https://api-staging-builder.engineer.ai/configurations,319,0,0
1674297072370,1077,/topup,200,OK,Distributed Load Test 1-76,text,true,,19163,179,1,1,https://api-staging-builder.engineer.ai/configurations,820,0,510
1674297073448,308,/dicovery-diskon,200,OK,Distributed Load Test 1-76,text,true,,19156,179,1,1,https://api-staging-builder.engineer.ai/configurations,292,0,0
1674297073757,319,/dicovery-personalized-ads,200,OK,Distributed Load Test 1-76,text,true,,19163,179,1,1,https://api-staging-builder.engineer.ai/configurations,314,0,0
1674297074076,321,/official-store,200,OK,Distributed Load Test 1-76,text,true,,19156,179,2,2,https://api-staging-builder.engineer.ai/configurations,308,0,0
1674297074398,381,/list-product,200,OK,Distributed Load Test 1-76,text,true,,19163,179,2,2,https://api-staging-builder.engineer.ai/configurations,369,0,0
1674297074780,307,/list-merchant,200,OK,Distributed Load Test 1-76,text,true,,19156,179,2,2,https://api-staging-builder.engineer.ai/configurations,296,0,0
1674297075088,381,/detail-product,200,OK,Distributed Load Test 1-76,text,true,,19163,179,3,3,https://api-staging-builder.engineer.ai/configurations,361,0,0
1674297074371,1127,/topup,200,OK,Distributed Load Test 1-78,text,true,,19163,179,3,3,https://api-staging-builder.engineer.ai/configurations,862,0,519
1674297075469,309,/promo,200,OK,Distributed Load Test 1-76,text,true,,19156,179,3,3,https://api-staging-builder.engineer.ai/configurations,292,0,0
1674297075499,328,/dicovery-diskon,200,OK,Distributed Load Test 1-78,text,true,,19162,179,3,3,https://api-staging-builder.engineer.ai/configurations,315,0,0
1674297075779,330,/review-product,200,OK,Distributed Load Test 1-76,text,true,,19163,179,3,3,https://api-staging-builder.engineer.ai/configurations,312,0,0
1674297075828,309,/dicovery-personalized-ads,200,OK,Distributed Load Test 1-78,text,true,,19163,179,3,3,https://api-staging-builder.engineer.ai/configurations,300,0,0
1674297076109,341,/discussion,200,OK,Distributed Load Test 1-76,text,true,,19156,179,4,4,https://api-staging-builder.engineer.ai/configurations,307,0,0
1674297075370,1083,/list-product,200,OK,Distributed Load Test 1-79,text,true,,19163,179,4,4,https://api-staging-builder.engineer.ai/configurations,833,0,521
1674297076138,331,/official-store,200,OK,Distributed Load Test 1-78,text,true,,19163,179,4,4,https://api-staging-builder.engineer.ai/configurations,318,0,0
1674297076454,307,/list-merchant,200,OK,Distributed Load Test 1-79,text,true,,19156,179,3,3,https://api-staging-builder.engineer.ai/configurations,296,0,0
1674297076450,329,/merchant/product,200,OK,Distributed Load Test 1-76,text,true,,19163,179,3,3,https://api-staging-builder.engineer.ai/configurations,311,0,0
1674297076780,293,/checkout-list,200,OK,Distributed Load Test 1-76,text,true,,19156,179,3,3,https://api-staging-builder.engineer.ai/configurations,291,0,0
1674297076761,328,/detail-product,200,OK,Distributed Load Test 1-79,text,true,,19163,179,3,3,https://api-staging-builder.engineer.ai/configurations,314,0,0
1674297077074,313,/add-to-cart,200,OK,Distributed Load Test 1-76,text,true,,19163,179,3,3,https://api-staging-builder.engineer.ai/configurations,309,0,0
1674297077089,308,/promo,200,OK,Distributed Load Test 1-79,text,true,,19156,179,2,2,https://api-staging-builder.engineer.ai/configurations,298,0,0
1674297076367,1103,/topup,200,OK,Distributed Load Test 1-80,text,true,,19163,179,2,2,https://api-staging-builder.engineer.ai/configurations,833,0,514
1674297077398,361,/review-product,200,OK,Distributed Load Test 1-79,text,true,,19163,179,2,2,https://api-staging-builder.engineer.ai/configurations,345,0,0
1674297077473,316,/dicovery-diskon,200,OK,Distributed Load Test 1-80,text,true,,19163,179,2,2,https://api-staging-builder.engineer.ai/configurations,295,0,0
1674297077760,319,/discussion,200,OK,Distributed Load Test 1-79,text,true,,19156,179,2,2,https://api-staging-builder.engineer.ai/configurations,298,0,0
1674297077790,346,/dicovery-personalized-ads,200,OK,Distributed Load Test 1-80,text,true,,19163,179,2,2,https://api-staging-builder.engineer.ai/configurations,335,0,0
1674297078080,359,/merchant/product,200,OK,Distributed Load Test 1-79,text,true,,19163,179,3,3,https://api-staging-builder.engineer.ai/configurations,339,0,0
1674297078137,339,/official-store,200,OK,Distributed Load Test 1-80,text,true,,19163,179,2,2,https://api-staging-builder.engineer.ai/configurations,323,0,0
1674297078371,1126,/topup,200,OK,Distributed Load Test 1-82,text,true,,19163,179,1,1,https://api-staging-builder.engineer.ai/configurations,861,0,541
1674297079498,322,/dicovery-diskon,200,OK,Distributed Load Test 1-82,text,true,,19163,179,1,1,https://api-staging-builder.engineer.ai/configurations,306,0,0
1674297079821,348,/dicovery-personalized-ads,200,OK,Distributed Load Test 1-82,text,true,,19163,179,1,1,https://api-staging-builder.engineer.ai/configurations,331,0,0
1674297080169,346,/official-store,200,OK,Distributed Load Test 1-82,text,true,,19163,179,1,1,https://api-staging-builder.engineer.ai/configurations,343,0,0
1674297080516,373,/list-product,200,OK,Distributed Load Test 1-82,text,true,,19163,179,1,1,https://api-staging-builder.engineer.ai/configurations,353,0,0
1674297080889,330,/list-merchant,200,OK,Distributed Load Test 1-82,text,true,,19163,179,1,1,https://api-staging-builder.engineer.ai/configurations,316,0,0
1674297081220,349,/detail-product,200,OK,Distributed Load Test 1-82,text,true,,19163,179,2,2,https://api-staging-builder.engineer.ai/configurations,337,0,0
1674297081570,317,/promo,200,OK,Distributed Load Test 1-82,text,true,,19163,179,2,2,https://api-staging-builder.engineer.ai/configurations,302,0,0
1674297081888,321,/review-product,200,OK,Distributed Load Test 1-82,text,true,,19163,179,2,2,https://api-staging-builder.engineer.ai/configurations,301,0,0
1674297081367,1081,/topup,200,OK,Distributed Load Test 1-85,text,true,,19163,179,3,3,https://api-staging-builder.engineer.ai/configurations,821,0,508
1674297082210,338,/discussion,200,OK,Distributed Load Test 1-82,text,true,,19163,179,3,3,https://api-staging-builder.engineer.ai/configurations,324,0,0
1674297082449,312,/dicovery-diskon,200,OK,Distributed Load Test 1-85,text,true,,19162,179,3,3,https://api-staging-builder.engineer.ai/configurations,297,0,0
1674297082549,327,/merchant/product,200,OK,Distributed Load Test 1-82,text,true,,19163,179,3,3,https://api-staging-builder.engineer.ai/configurations,323,0,0
1674297082762,317,/dicovery-personalized-ads,200,OK,Distributed Load Test 1-85,text,true,,19163,179,2,2,https://api-staging-builder.engineer.ai/configurations,296,0,0
1674297083080,349,/official-store,200,OK,Distributed Load Test 1-85,text,true,,19163,179,3,3,https://api-staging-builder.engineer.ai/configurations,335,0,0
1674297082371,1097,/list-product,200,OK,Distributed Load Test 1-86,text,true,,19163,179,2,2,https://api-staging-builder.engineer.ai/configurations,837,0,520
1674297083469,319,/list-merchant,200,OK,Distributed Load Test 1-86,text,true,,19156,179,2,2,https://api-staging-builder.engineer.ai/configurations,303,0,0
1674297083787,358,/detail-product,200,OK,Distributed Load Test 1-86,text,true,,19163,179,2,2,https://api-staging-builder.engineer.ai/configurations,345,0,0
1674297083367,1081,/topup,200,OK,Distributed Load Test 1-87,text,true,,19156,179,2,2,https://api-staging-builder.engineer.ai/configurations,827,0,514
1674297084146,341,/promo,200,OK,Distributed Load Test 1-86,text,true,,19162,179,2,2,https://api-staging-builder.engineer.ai/configurations,324,0,0
1674297084448,313,/dicovery-diskon,200,OK,Distributed Load Test 1-87,text,true,,19156,179,2,2,https://api-staging-builder.engineer.ai/configurations,312,0,0
1674297084487,341,/review-product,200,OK,Distributed Load Test 1-86,text,true,,19163,179,2,2,https://api-staging-builder.engineer.ai/configurations,323,0,0
1674297084761,316,/dicovery-personalized-ads,200,OK,Distributed Load Test 1-87,text,true,,19156,179,2,2,https://api-staging-builder.engineer.ai/configurations,298,0,0
1674297084829,339,/discussion,200,OK,Distributed Load Test 1-86,text,true,,19163,179,2,2,https://api-staging-builder.engineer.ai/configurations,318,0,0
1674297085078,309,/official-store,200,OK,Distributed Load Test 1-87,text,true,,19156,179,3,3,https://api-staging-builder.engineer.ai/configurations,295,0,0
1674297085168,350,/merchant/product,200,OK,Distributed Load Test 1-86,text,true,,19163,179,2,2,https://api-staging-builder.engineer.ai/configurations,330,0,0
1674297085369,1057,/topup,200,OK,Distributed Load Test 1-89,text,true,,19156,179,1,1,https://api-staging-builder.engineer.ai/configurations,805,0,510
1674297086427,361,/dicovery-diskon,200,OK,Distributed Load Test 1-89,text,true,,19163,179,1,1,https://api-staging-builder.engineer.ai/configurations,341,0,0
1674297086788,309,/dicovery-personalized-ads,200,OK,Distributed Load Test 1-89,text,true,,19156,179,1,1,https://api-staging-builder.engineer.ai/configurations,292,0,0
1674297087097,341,/official-store,200,OK,Distributed Load Test 1-89,text,true,,19163,179,2,2,https://api-staging-builder.engineer.ai/configurations,327,0,0
1674297087439,309,/list-product,200,OK,Distributed Load Test 1-89,text,true,,19156,179,2,2,https://api-staging-builder.engineer.ai/configurations,294,0,0
1674297087749,338,/list-merchant,200,OK,Distributed Load Test 1-89,text,true,,19163,179,2,2,https://api-staging-builder.engineer.ai/configurations,318,0,0
1674297088088,309,/detail-product,200,OK,Distributed Load Test 1-89,text,true,,19156,179,3,3,https://api-staging-builder.engineer.ai/configurations,296,0,0
1674297087368,1068,/topup,200,OK,Distributed Load Test 1-91,text,true,,19163,179,3,3,https://api-staging-builder.engineer.ai/configurations,808,0,514
1674297088397,332,/promo,200,OK,Distributed Load Test 1-89,text,true,,19170,179,3,3,https://api-staging-builder.engineer.ai/configurations,309,0,0
1674297088437,331,/dicovery-diskon,200,OK,Distributed Load Test 1-91,text,true,,19163,179,3,3,https://api-staging-builder.engineer.ai/configurations,316,0,0
1674297088729,317,/review-product,200,OK,Distributed Load Test 1-89,text,true,,19156,179,3,3,https://api-staging-builder.engineer.ai/configurations,306,0,0
1674297088769,319,/dicovery-personalized-ads,200,OK,Distributed Load Test 1-91,text,true,,19163,179,3,3,https://api-staging-builder.engineer.ai/configurations,305,0,0
1674297089047,330,/discussion,200,OK,Distributed Load Test 1-89,text,true,,19162,179,4,4,https://api-staging-builder.engineer.ai/configurations,316,0,0
1674297089088,339,/official-store,200,OK,Distributed Load Test 1-91,text,true,,19163,179,4,4,https://api-staging-builder.engineer.ai/configurations,327,0,0
1674297088369,1077,/list-product,200,OK,Distributed Load Test 1-92,text,true,,19156,179,3,3,https://api-staging-builder.engineer.ai/configurations,820,0,520
1674297089377,330,/merchant/product,200,OK,Distributed Load Test 1-89,text,true,,19156,179,3,3,https://api-staging-builder.engineer.ai/configurations,313,0,0
1674297089447,350,/list-merchant,200,OK,Distributed Load Test 1-92,text,true,,19163,179,2,2,https://api-staging-builder.engineer.ai/configurations,332,0,0
1674297089798,319,/detail-product,200,OK,Distributed Load Test 1-92,text,true,,19156,179,2,2,https://api-staging-builder.engineer.ai/configurations,306,0,0
1674297090120,337,/promo,200,OK,Distributed Load Test 1-92,text,true,,19163,179,2,2,https://api-staging-builder.engineer.ai/configurations,322,0,0
1674297089367,1106,/topup,200,OK,Distributed Load Test 1-93,text,true,,19163,179,2,2,https://api-staging-builder.engineer.ai/configurations,849,0,522
1674297090458,321,/review-product,200,OK,Distributed Load Test 1-92,text,true,,19156,179,2,2,https://api-staging-builder.engineer.ai/configurations,311,0,0
1674297090474,334,/dicovery-diskon,200,OK,Distributed Load Test 1-93,text,true,,19163,179,2,2,https://api-staging-builder.engineer.ai/configurations,320,0,0
1674297090780,338,/discussion,200,OK,Distributed Load Test 1-92,text,true,,19163,179,2,2,https://api-staging-builder.engineer.ai/configurations,320,0,0
1674297090808,370,/dicovery-personalized-ads,200,OK,Distributed Load Test 1-93,text,true,,19163,179,2,2,https://api-staging-builder.engineer.ai/configurations,350,0,0
1674297091122,336,/merchant/product,200,OK,Distributed Load Test 1-92,text,true,,19162,179,3,3,https://api-staging-builder.engineer.ai/configurations,324,0,0
1674297091179,328,/official-store,200,OK,Distributed Load Test 1-93,text,true,,19163,179,2,2,https://api-staging-builder.engineer.ai/configurations,315,0,0
1674297091366,1091,/topup,200,OK,Distributed Load Test 1-95,text,true,,19162,179,2,2,https://api-staging-builder.engineer.ai/configurations,831,0,514
1674297092457,311,/dicovery-diskon,200,OK,Distributed Load Test 1-95,text,true,,19163,179,2,2,https://api-staging-builder.engineer.ai/configurations,296,0,0
1674297092769,327,/dicovery-personalized-ads,200,OK,Distributed Load Test 1-95,text,true,,19156,179,2,2,https://api-staging-builder.engineer.ai/configurations,317,0,0
1674297093097,309,/official-store,200,OK,Distributed Load Test 1-95,text,true,,19163,179,3,3,https://api-staging-builder.engineer.ai/configurations,304,0,0
1674297092370,1107,/list-product,200,OK,Distributed Load Test 1-96,text,true,,19163,179,2,2,https://api-staging-builder.engineer.ai/configurations,853,0,546
1674297093478,329,/list-merchant,200,OK,Distributed Load Test 1-96,text,true,,19162,179,2,2,https://api-staging-builder.engineer.ai/configurations,314,0,0
1674297093808,320,/detail-product,200,OK,Distributed Load Test 1-96,text,true,,19163,179,2,2,https://api-staging-builder.engineer.ai/configurations,303,0,0
1674297093369,1081,/topup,200,OK,Distributed Load Test 1-97,text,true,,19156,179,2,2,https://api-staging-builder.engineer.ai/configurations,824,0,519
1674297094129,336,/promo,200,OK,Distributed Load Test 1-96,text,true,,19163,179,2,2,https://api-staging-builder.engineer.ai/configurations,321,0,0
1674297094466,306,/review-product,200,OK,Distributed Load Test 1-96,text,true,,19163,179,2,2,https://api-staging-builder.engineer.ai/configurations,293,0,0
1674297094451,337,/dicovery-diskon,200,OK,Distributed Load Test 1-97,text,true,,19163,179,2,2,https://api-staging-builder.engineer.ai/configurations,321,0,0
1674297094788,301,/dicovery-personalized-ads,200,OK,Distributed Load Test 1-97,text,true,,19156,179,2,2,https://api-staging-builder.engineer.ai/configurations,297,0,0
1674297094773,335,/discussion,200,OK,Distributed Load Test 1-96,text,true,,19163,179,2,2,https://api-staging-builder.engineer.ai/configurations,317,0,0
1674297095108,300,/merchant/product,200,OK,Distributed Load Test 1-96,text,true,,19163,179,3,3,https://api-staging-builder.engineer.ai/configurations,298,0,0
1674297095089,339,/official-store,200,OK,Distributed Load Test 1-97,text,true,,19163,179,2,2,https://api-staging-builder.engineer.ai/configurations,321,0,0
1674297095369,1137,/topup,200,OK,Distributed Load Test 1-99,text,true,,19162,179,1,1,https://api-staging-builder.engineer.ai/configurations,880,0,531
1674297096507,321,/dicovery-diskon,200,OK,Distributed Load Test 1-99,text,true,,19163,179,1,1,https://api-staging-builder.engineer.ai/configurations,302,0,0
1674297096829,339,/dicovery-personalized-ads,200,OK,Distributed Load Test 1-99,text,true,,19163,179,1,1,https://api-staging-builder.engineer.ai/configurations,324,0,0
1674297097168,360,/official-store,200,OK,Distributed Load Test 1-99,text,true,,19163,179,1,1,https://api-staging-builder.engineer.ai/configurations,345,0,0
1674297097529,338,/list-product,200,OK,Distributed Load Test 1-99,text,true,,19163,179,1,1,https://api-staging-builder.engineer.ai/configurations,323,0,0
1674297097867,311,/list-merchant,200,OK,Distributed Load Test 1-99,text,true,,19163,179,1,1,https://api-staging-builder.engineer.ai/configurations,299,0,0
1674297098179,351,/detail-product,200,OK,Distributed Load Test 1-99,text,true,,19163,179,1,1,https://api-staging-builder.engineer.ai/configurations,328,0,0
1674297098531,316,/promo,200,OK,Distributed Load Test 1-99,text,true,,19163,179,1,1,https://api-staging-builder.engineer.ai/configurations,297,0,0
1674297098848,383,/review-product,200,OK,Distributed Load Test 1-99,text,true,,19163,179,1,1,https://api-staging-builder.engineer.ai/configurations,318,0,0
1674297099231,317,/discussion,200,OK,Distributed Load Test 1-99,text,true,,19163,179,1,1,https://api-staging-builder.engineer.ai/configurations,299,0,0
1674297099549,340,/merchant/product,200,OK,Distributed Load Test 1-99,text,true,,19162,179,1,1,https://api-staging-builder.engineer.ai/configurations,319,0,0
